, "Income at Start" , "Income at Latest Annual Assessment for Stayers" , "Income at Exit for Leavers"
"""No Income""",11,1,0
"""$1 -  $150""",0,0,0
"""$151 - $250""",3,0,0
"""$251 - $500""",1,1,0
"""$501 - $1000""",4,1,0
"""$1001 - $1500""",5,0,0
"""$1501 - $2000""",5,1,0
"""$2001+""",4,1,2
"""Client Doesn't Know/Client Refused""",0,0,0
"""Data Not Collected""",0,0,0
"""Number of Adult Stayers not yet Required to Have an Annual Assessment""",0,21,0
"""Number of Adult Stayers without Required Annual Assessment""",0,5,0
"""Total Adults""",33,31,2
