, "At Start" , "At Annual Assessment for Stayers" , "At Exit for Leavers"
"""MEDICAID""",79,13,7
"""MEDICARE""",1,0,0
"""State Children's Health Insurance Program""",5,0,4
"""Veteran's Administration (VA) Medical Services""",0,0,0
"""Employer - Provided Health Insurance""",1,0,0
"""Health Insurance obtained through COBRA""",0,0,0
"""Private Pay Health Insurance""",0,0,0
"""State Health Insurance for Adults""",0,0,0
"""Indian Health Services Program""",0,0,0
"""Other""",1,0,0
"""No Health Insurance""",11,0,0
"""Client Doesn't Know/Client Refused""",0,0,0
"""Data Not Collected""",2,13,0
"""Number of Stayers not yet Required To Have an Annual Assessment""",0,60,0
"""1 Source of Health Insurance""",75,13,3
"""More than 1 Source of Health Insurance""",6,0,4
