, "Income at Start" , "Income at Latest Annual Assessment for Stayers" , "Income at Exit for Leavers"
"""No Income""",0,0,0
"""$1 -  $150""",0,0,0
"""$151 - $250""",0,0,0
"""$251 - $500""",0,0,0
"""$501 - $1000""",0,0,0
"""$1001 - $1500""",0,0,0
"""$1501 - $2000""",0,0,0
"""$2001+""",0,0,0
"""Client Doesn't Know/Client Refused""",0,0,0
"""Data Not Collected""",1,0,0
"""Number of Adult Stayers not yet Required to Have an Annual Assessment""",0,1,0
"""Number of Adult Stayers without Required Annual Assessment""",0,0,0
"""Total Adults""",1,1,0
