, "At Start" , "At Annual Assessment for Stayers" , "At Exit for Leavers"
"""MEDICAID""",0,0,0
"""MEDICARE""",0,0,0
"""State Children's Health Insurance Program""",0,0,0
"""Veteran's Administration (VA) Medical Services""",0,0,0
"""Employer - Provided Health Insurance""",0,0,0
"""Health Insurance obtained through COBRA""",0,0,0
"""Private Pay Health Insurance""",0,0,0
"""State Health Insurance for Adults""",0,0,0
"""Indian Health Services Program""",0,0,0
"""Other""",0,0,0
"""No Health Insurance""",0,0,0
"""Client Doesn't Know/Client Refused""",0,0,0
"""Data Not Collected""",3,0,0
"""Number of Stayers not yet Required To Have an Annual Assessment""",0,3,0
"""1 Source of Health Insurance""",0,0,0
"""More than 1 Source of Health Insurance""",0,0,0
