, "Income at Start" , "Income at Latest Annual Assessment for Stayers" , "Income at Exit for Leavers"
"""No Income""",47,0,0
"""$1 -  $150""",1,0,0
"""$151 - $250""",0,0,0
"""$251 - $500""",7,0,1
"""$501 - $1000""",25,0,2
"""$1001 - $1500""",10,0,0
"""$1501 - $2000""",3,0,0
"""$2001+""",0,0,0
"""Client Doesn't Know/Client Refused""",2,0,0
"""Data Not Collected""",12,0,0
"""Number of Adult Stayers not yet Required to Have an Annual Assessment""",0,104,0
"""Number of Adult Stayers without Required Annual Assessment""",0,0,0
"""Total Adults""",107,104,3
