, "Income at Start" , "Income at Latest Annual Assessment for Stayers" , "Income at Exit for Leavers"
"""Earned Income""",12,0,0
"""Unemployment Insurance""",12,0,2
"""Supplemental Security Income (SSI)""",13,0,1
"""Social Security Disability Insurance (SSDI)""",10,0,1
"""VA Service - Connected Disability Compensation""",0,0,0
"""VA Non-Service Connected Disability Pension""",0,0,0
"""Private Disability Insurance""",0,0,0
"""Worker's Compensation""",0,0,0
"""Temporary Assistance for Needy Families (TANF)""",2,0,0
"""General Assistance (GA)""",0,0,0
"""Retirement Income from Social Security""",1,0,0
"""Pension or retirement income from a former job""",0,0,0
"""Child Support""",4,0,0
"""Alimony and other spousal support""",0,0,0
"""Other Source""",2,0,0
"""Adults with Income Information at Start and Annual Assessment/Exit""",0,0,0
