, "At Start" , "At Annual Assessment for Stayers" , "At Exit for Leavers"
"""MEDICAID""",94,0,2
"""MEDICARE""",8,0,0
"""State Children's Health Insurance Program""",0,0,0
"""Veteran's Administration (VA) Medical Services""",4,0,0
"""Employer - Provided Health Insurance""",1,0,0
"""Health Insurance obtained through COBRA""",0,0,0
"""Private Pay Health Insurance""",0,0,0
"""State Health Insurance for Adults""",1,0,0
"""Indian Health Services Program""",0,0,0
"""Other""",1,0,0
"""No Health Insurance""",50,0,1
"""Client Doesn't Know/Client Refused""",2,0,0
"""Data Not Collected""",22,0,3
"""Number of Stayers not yet Required To Have an Annual Assessment""",0,172,0
"""1 Source of Health Insurance""",97,0,2
"""More than 1 Source of Health Insurance""",6,0,0
