, "Total" , "Without Children" , "With Children and Adults" , "With Only Children" , "Unknown Household Type"
"""7 days or less""",2,2,0,0,0
"""8 to 14 days""",0,0,0,0,0
"""15 to 21 days""",1,1,0,0,0
"""22 to 30 days""",2,2,0,0,0
"""31 to 60 days""",14,10,4,0,0
"""61 to 90 days""",9,2,7,0,0
"""91 to 180 days""",39,21,14,4,0
"""181 to 365 days""",111,33,70,8,0
"""366-730 days (1-2 years)""",0,0,0,0,0
"""731-1095 days (2-3 years)""",0,0,0,0,0
"""1096-1460 days (3-4 years)""",0,0,0,0,0
"""1461-1825 days (4-5 years)""",0,0,0,0,0
"""More than 1825 days (>5 years)""",0,0,0,0,0
"""Information Missing""",0,0,0,0,0
"""Total""",178,71,95,12,0
