"Organization Name" , "Organization ID" , "Project Name" , "Project ID" , "HMIS Project Type" , "Method for Tracking ES" , "Affiliated with a residential project" , "Project IDs of affiliations" , "CoC Number" , "Geocode" , "Victim Service Provider" , "HMIS Software Name" , "Report Start Date" , "Report End Date"
"Homeless Services Network","2","Homeless Services Network-DCF ESG-CV Housing & Supportive Services:RRH",1064,"13",,,"","FL-507","129095",0,"ServicePoint",2021-08-01,2021-08-31
"IMPOWER","434","IMPOWER-DCF ESG-CV RRH Housing & Services:RRH",1070,"13",,,"","FL-507","129095",0,"ServicePoint",2021-08-01,2021-08-31
"The Christian Sharing Center","72","Christian Sharing Center-DCF ESG-CV Housing & Supportive Services:RRH",1067,"13",,,"","FL-507","129117",0,"ServicePoint",2021-08-01,2021-08-31
"Family Promise of Greater Orlando","14","Family Promise-DCF ESG-CV RRH Housing & Services:RRH",1069,"13",,,"","FL-507","122292",0,"ServicePoint",2021-08-01,2021-08-31
"Community Hope Center of Osceola County","735","Community Hope Center-DCF ESG-CV Housing & Supportive Services:RRH",1066,"13",,,"","FL-507","129097",0,"ServicePoint",2021-08-01,2021-08-31
"Samaritan Resource Center","630","Samaritan Resource Center-ORN Housing & Supportive Services:RRH",1055,"13",,,"","FL-507","129095",0,"ServicePoint",2021-08-01,2021-08-31
"Catholic Charities","62","Catholic Charities-DCF ESG-CV Housing & Supportive Services:RRH",1068,"13",,,"","FL-507","122292",0,"ServicePoint",2021-08-01,2021-08-31
