, "Total" , "Under Age 18" , "Age 18-24" , "Age 25-61" , "Age 62 and over" , "Client Doesn't Know/Client Refused" , "Data Not Collected"
"""Male""",79,0,1,63,13,1,1
"""Female""",52,4,6,37,5,0,0
"""Trans Female (MTF or Male to Female)""",0,0,0,0,0,0,0
"""Trans Male (FTM or Female to Male)""",0,0,0,0,0,0,0
"""Gender Non-Conforming (i.e. not exclusively male or female)""",0,0,0,0,0,0,0
"""Client Doesn't Know/Client Refused""",0,0,0,0,0,0,0
"""Data Not Collected""",2,0,0,0,0,0,2
"""Subtotal""",133,4,7,100,18,1,3
