, "Income at Start" , "Income at Latest Annual Assessment for Stayers" , "Income at Exit for Leavers"
"""No Income""",67,0,2
"""$1 -  $150""",1,0,0
"""$151 - $250""",3,0,0
"""$251 - $500""",2,0,0
"""$501 - $1000""",16,0,0
"""$1001 - $1500""",6,0,0
"""$1501 - $2000""",5,0,0
"""$2001+""",4,0,0
"""Client Doesn't Know/Client Refused""",1,0,0
"""Data Not Collected""",20,0,0
"""Number of Adult Stayers not yet Required to Have an Annual Assessment""",0,87,0
"""Number of Adult Stayers without Required Annual Assessment""",0,36,0
"""Total Adults""",125,123,2
