, "At Start" , "At Annual Assessment for Stayers" , "At Exit for Leavers"
"""MEDICAID""",18,0,0
"""MEDICARE""",8,0,0
"""State Children's Health Insurance Program""",0,0,0
"""Veteran's Administration (VA) Medical Services""",1,0,0
"""Employer - Provided Health Insurance""",0,0,0
"""Health Insurance obtained through COBRA""",0,0,0
"""Private Pay Health Insurance""",0,0,0
"""State Health Insurance for Adults""",3,0,1
"""Indian Health Services Program""",0,0,0
"""Other""",2,0,0
"""No Health Insurance""",75,0,1
"""Client Doesn't Know/Client Refused""",1,0,0
"""Data Not Collected""",26,36,0
"""Number of Stayers not yet Required To Have an Annual Assessment""",0,95,0
"""1 Source of Health Insurance""",26,0,1
"""More than 1 Source of Health Insurance""",3,0,0
