, "Total" , "Without Children" , "With Children and Adults" , "With Only Children" , "Unknown Household Type"
"""Able to maintain the housing they had at project entry--Without a subsidy""",0,0,0,0,0
"""Able to maintain the housing they had at project entry--With the subsidy they had at project entry""",0,0,0,0,0
"""Able to maintain the housing they had at project entry--With an on-going subsidy acquired since project entry""",0,0,0,0,0
"""Able to maintain the housing they had at project entry--Only with financial assistance other than a subsidy""",0,0,0,0,0
"""Moved to new housing unit--With on-going subsidy""",0,0,0,0,0
"""Moved to new housing unit--Without an on-going subsidy""",0,0,0,0,0
"""Moved in with family/friends on a temporary basis""",0,0,0,0,0
"""Moved in with family/friends on a permanent basis""",0,0,0,0,0
"""Moved to a transitional or temporary housing facility or program""",0,0,0,0,0
"""Client became homeless - moving to a shelter or other place unfit for human habitation""",0,0,0,0,0
"""Client went to jail/prison""",0,0,0,0,0
"""Client died""",0,0,0,0,0
"""Client doesn't know/Client refused""",0,0,0,0,0
"""Data not collected (no exit interview completed)""",0,0,0,0,0
"""Total""",0,0,0,0,0
