, "Total" , "Under Age 18" , "Age 18-24" , "Age 25-61" , "Age 62 and over" , "Client Doesn't Know/Client Refused" , "Data Not Collected"
"""Male""",592,161,44,329,58,0,0
"""Female""",444,177,48,210,9,0,0
"""Trans Female (MTF or Male to Female)""",1,0,0,1,0,0,0
"""Trans Male (FTM or Female to Male)""",1,0,1,0,0,0,0
"""Gender Non-Conforming (i.e. not exclusively male or female)""",2,0,1,1,0,0,0
"""Client Doesn't Know/Client Refused""",0,0,0,0,0,0,0
"""Data Not Collected""",3,2,0,0,0,0,1
"""Subtotal""",1043,340,94,541,67,0,1
