, "Income at Start" , "Income at Latest Annual Assessment for Stayers" , "Income at Exit for Leavers"
"""No Income""",342,0,109
"""$1 -  $150""",4,0,1
"""$151 - $250""",7,0,4
"""$251 - $500""",31,0,11
"""$501 - $1000""",113,0,42
"""$1001 - $1500""",48,0,29
"""$1501 - $2000""",44,0,24
"""$2001+""",30,0,17
"""Client Doesn't Know/Client Refused""",5,0,5
"""Data Not Collected""",78,0,24
"""Number of Adult Stayers not yet Required to Have an Annual Assessment""",0,421,0
"""Number of Adult Stayers without Required Annual Assessment""",0,15,0
"""Total Adults""",702,436,266
