, "Income at Start" , "Income at Latest Annual Assessment for Stayers" , "Income at Exit for Leavers"
"""Earned Income""",114,0,74
"""Unemployment Insurance""",27,0,9
"""Supplemental Security Income (SSI)""",77,0,22
"""Social Security Disability Insurance (SSDI)""",58,0,20
"""VA Service - Connected Disability Compensation""",10,0,8
"""VA Non-Service Connected Disability Pension""",4,0,3
"""Private Disability Insurance""",0,0,0
"""Worker's Compensation""",0,0,0
"""Temporary Assistance for Needy Families (TANF)""",16,0,4
"""General Assistance (GA)""",1,0,0
"""Retirement Income from Social Security""",13,0,6
"""Pension or retirement income from a former job""",1,0,0
"""Child Support""",13,0,1
"""Alimony and other spousal support""",0,0,0
"""Other Source""",14,0,5
"""Adults with Income Information at Start and Annual Assessment/Exit""",0,0,0
