, "AO: Adult with Disabling Condition" , "AO: Adult without Disabling Condition" , "AO: Total Adults" , "AO: % with Disabling Condition by Source" , "AC: Adult with Disabling Condition" , "AC: Adult without Disabling Condition" , "AC: Total Adults" , "AC: % with Disabling Condition by Source" , "UK: Adult with Disabling Condition" , "UK: Adult without Disabling Condition" , "UK: Total Adults" , "UK: % with Disabling Condition by Source"
"""Earned Income""",23,42,65,0.35,3,6,9,0.33,0,0,0,0.0
"""Supplemental Security Income (SSI)""",18,3,21,0.86,1,0,1,1.0,0,0,0,0.0
"""Social Security Disability Insurance (SSDI)""",18,0,18,1.0,1,0,1,1.0,0,0,0,0.0
"""VA Service-Connected Disability Compensation""",8,0,8,1.0,0,0,0,0.0,0,0,0,0.0
"""Private Disability Insurance""",0,0,0,0.0,0,0,0,0.0,0,0,0,0.0
"""Worker's Compensation""",0,0,0,0.0,0,0,0,0.0,0,0,0,0.0
"""Temporary Assistance for Needy Families (TANF)""",1,1,2,0.5,2,1,3,0.67,0,0,0,0.0
"""Retirement Income from Social Security""",3,2,6,0.5,0,0,0,0.0,0,0,0,0.0
"""Pension or retirement income from a former job""",0,0,0,0.0,0,0,0,0.0,0,0,0,0.0
"""Child Support""",0,0,0,0.0,1,0,1,1.0,0,0,0,0.0
"""Other source""",6,6,12,0.5,2,3,5,0.4,0,0,0,0.0
"""No Sources""",46,51,97,0.47,3,6,9,0.33,0,0,0,0.0
"""Unduplicated Total Adults""",104,103,207,,11,15,26,,0,0,0,
