, "At Start" , "At Annual Assessment for Stayers" , "At Exit for Leavers"
"""MEDICAID""",494,0,104
"""MEDICARE""",53,0,16
"""State Children's Health Insurance Program""",30,0,3
"""Veteran's Administration (VA) Medical Services""",29,0,17
"""Employer - Provided Health Insurance""",3,0,1
"""Health Insurance obtained through COBRA""",1,0,1
"""Private Pay Health Insurance""",16,0,9
"""State Health Insurance for Adults""",31,0,18
"""Indian Health Services Program""",1,0,0
"""Other""",19,0,5
"""No Health Insurance""",359,0,138
"""Client Doesn't Know/Client Refused""",3,0,2
"""Data Not Collected""",70,34,16
"""Number of Stayers not yet Required To Have an Annual Assessment""",0,700,0
"""1 Source of Health Insurance""",554,0,136
"""More than 1 Source of Health Insurance""",54,0,18
