"Organization Name" , "Organization ID" , "Project Name" , "Project ID" , "HMIS Project Type" , "Method for Tracking ES" , "Affiliated with a residential project" , "Project IDs of affiliations" , "CoC Number" , "Geocode" , "Victim Service Provider" , "HMIS Software Name" , "Report Start Date" , "Report End Date"
"Coalition for the Homeless","7","Coalition for the Homeless-MSC Intensive Case Management:ES",767,"1",0,,"","FL-507","122292",0,"ServicePoint",2021-08-01,2021-08-31
"Salvation Army","37","Salvation Army [Women & Children's Lodge]-Emergency Shelter:ES",579,"1",0,,"","FL-507","122292",0,"ServicePoint",2021-08-01,2021-08-31
"Safehouse of Seminole","150","Safehouse of Seminole-Emergency Shelter:ES",257,"1",0,,"","FL-507","129117",1,"ServicePoint",2021-08-01,2021-08-31
"Covenant House","8","Covenant House-Individual Shelter:ES",810,"1",0,,"","FL-507","122292",0,"ServicePoint",2021-08-01,2021-08-31
"Homeless Services Network","2","Homeless Services Network-Bridge Housing:ES",850,"1",0,,"","FL-507","122292",0,"ServicePoint",2021-08-01,2021-08-31
"Homeless Services Network","2","Homeless Services Network-ORN Bridge Housing:ES",1074,"1",0,,"","FL-507","122292",0,"ServicePoint",2021-08-01,2021-08-31
"HELP NOW","120","Help NOW-Emergency Shelter:ES",256,"1",0,,"","FL-507","129097",1,"ServicePoint",2021-08-01,2021-08-31
"Coalition for the Homeless","7","Coalition for the Homeless-Center for Women & Families:ES",186,"1",0,,"","FL-507","122292",0,"ServicePoint",2021-08-01,2021-08-31
"Aspire Health Partners","105","Aspire Health Partners-OSC Bridge Housing:ES",932,"1",0,,"","FL-507","129097",0,"ServicePoint",2021-08-01,2021-08-31
"Family Promise of Greater Orlando","14","Family Promise-ORN Shelter:ES",377,"1",0,,"","FL-507","122292",0,"ServicePoint",2021-08-01,2021-08-31
"The Transition House","24","The Transition House-DCF ESG-CV Emergency Shelter:ES",1085,"1",0,,"","FL-507","129097",0,"ServicePoint",2021-08-01,2021-08-31
"Community Hope Center of Osceola County","735","Community Hope Center-DCF ESG-CV Emergency Shelter:ES",1079,"1",0,,"","FL-507","129097",0,"ServicePoint",2021-08-01,2021-08-31
"Homeless Services Network","2","Isolation And Recovery Center:ES",1029,"1",0,,"","FL-507","129095",0,"ServicePoint",2021-08-01,2021-08-31
"Homeless Services Network","2","Homeless Services Network-OSC Bridge Housing:ES",1075,"1",0,,"","FL-507","122292",0,"ServicePoint",2021-08-01,2021-08-31
"Salvation Army","37","Salvation Army [Men's Lodge]-NBN Emergency Shelter:ES",576,"1",3,,"","FL-507","122292",0,"ServicePoint",2021-08-01,2021-08-31
